Year,Month,Day,Season,weekday,Client_Room_household,General_Expenditures,Costs,Sale_frequency,Sales_rev,Month_Profit,Loss
2019,Jan,1,winter,Sunday,5,Meetings,1000,10,5000,4000,0.869008341
2019,Jan,2,winter,Monday,5,Marketing_web,5000,14,7000,2000,0.995422831
2019,Jan,3,winter,Tuesday,5,Staff,2500,10,5000,2500,0.945492454
2019,Jan,4,winter,Wednesday,5,Communication,600,8,4000,3400,0.089874706
2019,Jan,5,winter,Thursday,5,Office_utilities,2000,6,3000,1000,0.425040163
2019,Jan,6,winter,Friday,5,Banking,250,3,1500,1250,0.264510718
2019,Jan,7,winter,Saturday,5,Equipment,1000,7,3500,2500,0.088980155
2019,Jan,8,winter,Sunday,5,Licenses,2000,5,2500,500,0.45746013
2019,Jan,9,winter,Monday,4,Equipment_transport,3000,9,4500,1500,0.449191651
2019,Jan,10,winter,Tuesday,4,Staff_transport,3000,3,1500,-1500,0.945794195
2019,Jan,11,winter,Wednesday,4,Meetings,1000,4,2000,1000,0.848499807
2019,Jan,12,winter,Thursday,5,Marketing_web,5000,5,2500,-2500,0.820916162
2019,Jan,13,winter,Friday,5,Staff,2500,10,5000,2500,0.425508931
2019,Jan,14,winter,Saturday,5,Communication,600,5,2500,1900,0.567167841
2019,Jan,15,winter,Sunday,4,Office_utilities,6000,28,14000,8000,0.36383952
2019,Jan,16,winter,Monday,4,Banking,250,18,9000,8750,0.205657946
2019,Jan,17,winter,Tuesday,4,Equipment,1000,4,2000,1000,0.982645829
2019,Jan,18,winter,Wednesday,4,Licenses,2000,4,2000,0,0.68504185
2019,Jan,19,winter,Thursday,4,Equipment_transport,3000,4,2000,-1000,0.311959077
2019,Jan,20,winter,Friday,4,Staff_transport,3000,4,2000,-1000,0.846498243
2019,Jan,21,winter,Saturday,4,Meetings,1000,4,2000,1000,0.151899099
2019,Jan,22,winter,Sunday,4,Marketing_web,5000,4,2000,-3000,0.156105439
2019,Jan,23,winter,Monday,4,Staff,2500,120,60000,57500,0.064881792
2019,Jan,24,winter,Tuesday,4,Communication,600,3,1500,900,0.312978846
2019,Jan,25,winter,Wednesday,4,Office_utilities,2000,1,500,-1500,0.476618037
2019,Jan,26,winter,Thursday,4,Banking,250,6,3000,2750,0.398677779
2019,Jan,27,winter,Friday,4,Equipment,1000,8,4000,3000,0.188426834
2019,Jan,28,winter,Saturday,4,Licenses,2000,8,4000,2000,0.935047316
2019,Jan,29,winter,Sunday,4,Equipment_transport,3000,4,2000,-1000,0.467254702
2019,Jan,30,winter,Monday,4,Staff_transport,3000,6,3000,0,0.848235306
2019,Jan,31,winter,Tuesday,4,Meetings,1000,2,1000,0,0.771977018
2019,Feb,1,winter,Wednesday,4,Marketing_web,5000,6,3000,-2000,0.30458465
2019,Feb,2,winter,Thursday,4,Staff,2500,8,4000,1500,0.807735854
2019,Feb,3,winter,Friday,4,Communication,600,9,4500,3900,0.848688331
2019,Feb,4,winter,Saturday,4,Office_utilities,2000,65,32500,30500,0.006980151
2019,Feb,5,winter,Sunday,4,Banking,250,3,1500,1250,0.09543439
2019,Feb,6,winter,Monday,4,Equipment,1000,5,2500,1500,0.91412136
2019,Feb,7,winter,Tuesday,4,Licenses,2000,7,3500,1500,0.087896892
2019,Feb,8,winter,Wednesday,4,Equipment_transport,3000,7,3500,500,0.717555374
2019,Feb,9,winter,Thursday,4,Staff_transport,3000,4,2000,-1000,0.719905251
2019,Feb,10,winter,Friday,4,Meetings,1000,3,1500,500,0.733911861
2019,Feb,11,winter,Saturday,4,Marketing_web,5000,4,2000,-3000,0.862415987
2019,Feb,12,winter,Sunday,4,Staff,2500,34,17000,14500,0.264950455
2019,Feb,13,winter,Monday,4,Communication,600,35,17500,16900,0.672305111
2019,Feb,14,winter,Tuesday,4,Office_utilities,2000,3,1500,-500,0.334132187
2019,Feb,15,winter,Wednesday,4,Banking,250,5,2500,2250,0.860547294
2019,Feb,16,winter,Thursday,4,Equipment,1000,6,3000,2000,0.478018287
2019,Feb,17,winter,Friday,4,Licenses,2000,8,4000,2000,0.833826743
2019,Feb,18,winter,Saturday,4,Equipment_transport,3000,9,4500,1500,0.360442665
2019,Feb,19,winter,Sunday,4,Staff_transport,3000,9,4500,1500,0.09774584
2019,Feb,20,winter,Monday,4,Meetings,1000,54,27000,26000,0.273706896
2019,Feb,21,winter,Tuesday,4,Marketing_web,5000,4,2000,-3000,0.510388917
2019,Feb,22,winter,Wednesday,4,Staff,2500,5,2500,0,0.329836561
2019,Feb,23,winter,Thursday,4,Communication,600,3,1500,900,0.237820468
2019,Feb,24,winter,Friday,4,Office_utilities,2000,6,3000,1000,0.140710662
2019,Feb,25,winter,Saturday,4,Banking,250,7,3500,3250,0.367914967
2019,Feb,26,winter,Sunday,4,Equipment,1000,9,4500,3500,0.710307619
2019,Feb,27,winter,Monday,4,Licenses,2000,4,2000,0,0.518218874
2019,Feb,28,winter,Tuesday,4,Equipment_transport,3000,2,1000,-2000,0.235184379
2019,Mar,1,winter,Wednesday,4,Staff_transport,3000,6,3000,0,0.426316036
2019,Mar,2,winter,Thursday,4,Meetings,1000,5,2500,1500,0.007504347
2019,Mar,3,winter,Friday,4,Marketing_web,5000,20,10000,5000,0.386173299
2019,Mar,4,winter,Saturday,4,Staff,2500,2,1000,-1500,0.057126484
2019,Mar,5,winter,Sunday,4,Communication,600,5,2500,1900,0.557925422
2019,Mar,6,winter,Monday,4,Office_utilities,2000,6,3000,1000,0.405573916
2019,Mar,7,winter,Tuesday,4,Banking,250,7,3500,3250,0.182938036
2019,Mar,8,winter,Wednesday,4,Equipment,1000,4,2000,1000,0.163203209
2019,Mar,9,winter,Thursday,4,Licenses,2000,4,2000,0,0.096489368
2019,Mar,10,winter,Friday,4,Equipment_transport,3000,20,10000,7000,0.455466682
2019,Mar,11,winter,Saturday,4,Staff_transport,3000,4,2000,-1000,0.514579804
2019,Mar,12,winter,Sunday,4,Meetings,1000,4,2000,1000,0.242136487
2019,Mar,13,winter,Monday,4,Marketing_web,5000,46,23000,18000,0.226209331
2019,Mar,14,winter,Tuesday,4,Staff,2500,4,2000,-500,0.570562901
2019,Mar,15,winter,Wednesday,4,Communication,600,4,2000,1400,0.83864713
2019,Mar,16,winter,Thursday,4,Office_utilities,2000,4,2000,0,0.9615986
2019,Mar,17,winter,Friday,4,Banking,250,4,2000,1750,0.121631264
2019,Mar,18,winter,Saturday,4,Equipment,1000,35,17500,16500,0.86365557
2019,Mar,19,winter,Sunday,4,Licenses,2000,4,2000,0,0.402247736
2019,Mar,20,winter,Monday,4,Equipment_transport,3000,4,2000,-1000,0.334520381
2019,Mar,21,spring,Tuesday,2,Staff_transport,3000,2,1000,-2000,0.195311206
2019,Mar,22,spring,Wednesday,2,Meetings,1000,2,1000,0,0.733602746
2019,Mar,23,spring,Thursday,2,Marketing_web,5000,10,5000,0,0.781489472
2019,Mar,24,spring,Friday,2,Staff,2500,2,1000,-1500,0.088259382
2019,Mar,25,spring,Saturday,2,Communication,600,2,1000,400,0.95362051
2019,Mar,26,spring,Sunday,2,Office_utilities,2000,10,5000,3000,0.68506432
2019,Mar,27,spring,Monday,2,Banking,250,2,1000,750,0.305616173
2019,Mar,28,spring,Tuesday,2,Equipment,1000,2,1000,0,0.909696259
2019,Mar,29,spring,Wednesday,2,Licenses,2000,2,1000,-1000,0.192871318
2019,Mar,30,spring,Thursday,2,Equipment_transport,3000,4,2000,-1000,0.494254058
2019,Mar,31,spring,Friday,2,Staff_transport,3000,56,28000,25000,0.5934624
2019,Apr,1,spring,Saturday,2,Meetings,1000,76,38000,37000,0.374224621
2019,Apr,2,spring,Sunday,2,Marketing_web,5000,8,4000,-1000,0.032308874
2019,Apr,3,spring,Monday,2,Staff,2500,9,4500,2000,0.234744543
2019,Apr,4,spring,Tuesday,2,Communication,600,6,3000,2400,0.22034377
2019,Apr,5,spring,Wednesday,2,Office_utilities,2000,4,2000,0,0.66728986
2019,Apr,6,spring,Thursday,2,Banking,250,3,1500,1250,0.466092092
2019,Apr,7,spring,Friday,2,Equipment,1000,5,2500,1500,0.301729197
2019,Apr,8,spring,Saturday,2,Licenses,2000,6,3000,1000,0.917986895
2019,Apr,9,spring,Sunday,2,Equipment_transport,3000,4,2000,-1000,0.398661695
2019,Apr,10,spring,Monday,2,Staff_transport,3000,3,1500,-1500,0.806321945
2019,Apr,11,spring,Tuesday,2,Meetings,1000,18,9000,8000,0.849557683
2019,Apr,12,spring,Wednesday,2,Marketing_web,5000,5,2500,-2500,0.555754027
2019,Apr,13,spring,Thursday,2,Staff,2500,6,3000,500,0.602701967
2019,Apr,14,spring,Friday,2,Communication,600,8,4000,3400,0.511088806
2019,Apr,15,spring,Saturday,2,Office_utilities,2000,8,4000,2000,0.737810129
2019,Apr,16,spring,Sunday,2,Banking,250,54,27000,26750,0.835970311
2019,Apr,17,spring,Monday,2,Equipment,1000,3,1500,500,0.638396214
2019,Apr,18,spring,Tuesday,2,Licenses,2000,5,2500,500,0.45033721
2019,Apr,19,spring,Wednesday,2,Equipment_transport,3000,7,3500,500,0.627409729
2019,Apr,20,spring,Thursday,2,Staff_transport,3000,8,4000,1000,0.813780984
2019,Apr,21,spring,Friday,2,Meetings,1000,2,1000,0,0.486958181
2019,Apr,22,spring,Saturday,2,Marketing_web,5000,5,2500,-2500,0.471157588
2019,Apr,23,spring,Sunday,2,Staff,2500,3,1500,-1000,0.506724143
2019,Apr,24,spring,Monday,2,Communication,600,27,13500,12900,0.19733882
2019,Apr,25,spring,Tuesday,2,Office_utilities,2000,4,2000,0,0.983477319
2019,Apr,26,spring,Wednesday,2,Banking,250,2,1000,750,0.454231932
2019,Apr,27,spring,Thursday,2,Equipment,1000,4,2000,1000,0.725483716
2019,Apr,28,spring,Friday,2,Licenses,2000,3,1500,-500,0.883479875
2019,Apr,29,spring,Saturday,2,Equipment_transport,3000,2,1000,-2000,0.080224306
2019,Apr,30,spring,Sunday,2,Staff_transport,3000,3,1500,-1500,0.627180949
2019,May,1,spring,Monday,2,Meetings,1000,16,8000,7000,0.685078168
2019,May,2,spring,Tuesday,2,Marketing_web,5000,3,1500,-3500,0.653563626
2019,May,3,spring,Wednesday,2,Staff,2500,3,1500,-1000,0.212098194
2019,May,4,spring,Thursday,2,Communication,600,2,1000,400,0.914782567
2019,May,5,spring,Friday,2,Office_utilities,2000,34,17000,15000,0.66199164
2019,May,6,spring,Saturday,2,Banking,250,4,2000,1750,0.922040414
2019,May,7,spring,Sunday,2,Equipment,1000,6,3000,2000,0.661704025
2019,May,8,spring,Monday,2,Licenses,2000,9,4500,2500,0.882783376
2019,May,9,spring,Tuesday,2,Equipment_transport,3000,9,4500,1500,0.836129645
2019,May,10,spring,Wednesday,2,Staff_transport,3000,10,5000,2000,0.96679618
2019,May,11,spring,Thursday,2,Meetings,1000,9,4500,3500,0.664200978
2019,May,12,spring,Friday,2,Marketing_web,5000,2,1000,-4000,0.338770926
2019,May,13,spring,Saturday,2,Staff,2500,5,2500,0,0.932027608
2019,May,14,spring,Sunday,2,Communication,600,5,2500,1900,0.11157322
2019,May,15,spring,Monday,2,Office_utilities,2000,30,15000,13000,0.029873086
2019,May,16,spring,Tuesday,2,Banking,250,3,1500,1250,0.593787983
2019,May,17,spring,Wednesday,2,Equipment,1000,7,3500,2500,0.878268677
2019,May,18,spring,Thursday,2,Licenses,2000,7,3500,1500,0.69979049
2019,May,19,spring,Friday,2,Equipment_transport,3000,7,3500,500,0.180529013
2019,May,20,spring,Saturday,2,Staff_transport,3000,6,3000,0,0.912786939
2019,May,21,spring,Sunday,2,Meetings,1000,6,3000,2000,0.454809597
2019,May,22,spring,Monday,2,Marketing_web,5000,7,3500,-1500,0.622093026
2019,May,23,spring,Tuesday,2,Staff,2500,8,4000,1500,0.243285216
2019,May,24,spring,Wednesday,2,Communication,600,8,4000,3400,0.10408892
2019,May,25,spring,Thursday,2,Office_utilities,2000,8,4000,2000,0.775994079
2019,May,26,spring,Friday,2,Banking,250,5,2500,2250,0.638992584
2019,May,27,spring,Saturday,2,Equipment,1000,4,2000,1000,0.895166935
2019,May,28,spring,Sunday,2,Licenses,2000,4,2000,0,0.5639628
2019,May,29,spring,Monday,2,Equipment_transport,3000,2,1000,-2000,0.1751215
2019,May,30,spring,Tuesday,2,Staff_transport,3000,12,6000,3000,0.130144547
2019,May,31,spring,Wednesday,2,Meetings,1000,2,1000,0,0.135990193
2019,Jun,1,spring,Thursday,2,Marketing_web,5000,2,1000,-4000,0.815418049
2019,Jun,2,spring,Friday,2,Staff,2500,2,1000,-1500,0.86467352
2019,Jun,3,spring,Saturday,2,Communication,600,2,1000,400,0.72841952
2019,Jun,4,spring,Sunday,2,Office_utilities,2000,2,1000,-1000,0.35751641
2019,Jun,5,spring,Monday,2,Banking,250,8,4000,3750,0.43615481
2019,Jun,6,spring,Tuesday,2,Equipment,1000,8,4000,3000,0.734869256
2019,Jun,7,spring,Wednesday,2,Licenses,2000,8,4000,2000,0.076847613
2019,Jun,8,spring,Thursday,2,Equipment_transport,3000,8,4000,1000,0.452831035
2019,Jun,9,spring,Friday,2,Staff_transport,3000,8,4000,1000,0.895651647
2019,Jun,10,spring,Saturday,2,Meetings,1000,2,1000,0,0.610495737
2019,Jun,11,spring,Sunday,2,Marketing_web,5000,3,1500,-3500,0.55211909
2019,Jun,12,spring,Monday,2,Staff,2500,54,27000,24500,0.145489319
2019,Jun,13,spring,Tuesday,2,Communication,600,6,3000,2400,0.569683247
2019,Jun,14,spring,Wednesday,2,Office_utilities,2000,7,3500,1500,0.084366771
2019,Jun,15,spring,Thursday,2,Banking,250,7,3500,3250,0.291144871
2019,Jun,16,spring,Friday,2,Equipment,1000,2,1000,0,0.539703909
2019,Jun,17,spring,Saturday,2,Licenses,2000,2,1000,-1000,0.865544329
2019,Jun,18,spring,Sunday,2,Equipment_transport,3000,2,1000,-2000,0.070761088
2019,Jun,19,spring,Monday,2,Staff_transport,3000,2,1000,-2000,0.051955733
2019,Jun,20,spring,Tuesday,2,Meetings,1000,2,1000,0,0.060235317
2019,Jun,21,summer,Wednesday,3,Marketing_web,5000,3,1500,-3500,0.244430033
2019,Jun,22,summer,Thursday,3,Staff,2500,3,1500,-1000,0.237822806
2019,Jun,23,summer,Friday,3,Communication,600,3,1500,900,0.94520713
2019,Jun,24,summer,Saturday,3,Office_utilities,2000,3,1500,-500,0.348582184
2019,Jun,25,summer,Sunday,3,Banking,250,3,1500,1250,0.570861316
2019,Jun,26,summer,Monday,3,Equipment,1000,3,1500,500,0.979485716
2019,Jun,27,summer,Tuesday,3,Licenses,2000,3,1500,-500,0.350108855
2019,Jun,28,summer,Wednesday,3,Equipment_transport,3000,1,500,-2500,0.167474738
2019,Jun,29,summer,Thursday,3,Staff_transport,3000,2,1000,-2000,0.485667931
2019,Jun,30,summer,Friday,3,Meetings,1000,34,17000,16000,0.819903313
2019,Jul,1,summer,Saturday,3,Marketing_web,5000,5,2500,-2500,0.44231749
2019,Jul,2,summer,Sunday,3,Staff,2500,67,33500,31000,0.650818132
2019,Jul,3,summer,Monday,3,Communication,600,8,4000,3400,0.411500373
2019,Jul,4,summer,Tuesday,3,Office_utilities,2000,5,2500,500,0.709141976
2019,Jul,5,summer,Wednesday,3,Banking,250,4,2000,1750,0.716756284
2019,Jul,6,summer,Thursday,3,Equipment,1000,9,4500,3500,0.306072292
2019,Jul,7,summer,Friday,3,Licenses,2000,7,3500,1500,0.884868986
2019,Jul,8,summer,Saturday,3,Equipment_transport,3000,4,2000,-1000,0.218574082
2019,Jul,9,summer,Sunday,3,Staff_transport,3000,5,2500,-500,0.827200472
2019,Jul,10,summer,Monday,3,Meetings,1000,6,3000,2000,0.744217418
2019,Jul,11,summer,Tuesday,3,Marketing_web,5000,4,2000,-3000,0.542960829
2019,Jul,12,summer,Wednesday,3,Staff,2500,4,2000,-500,0.388609753
2019,Jul,13,summer,Thursday,3,Communication,600,4,2000,1400,0.332844374
2019,Jul,14,summer,Friday,3,Office_utilities,2000,24,12000,10000,0.686888568
2019,Jul,15,summer,Saturday,3,Banking,250,29,14500,14250,0.380164247
2019,Jul,16,summer,Sunday,3,Equipment,1000,28,14000,13000,0.99246475
2019,Jul,17,summer,Monday,3,Licenses,2000,29,14500,12500,0.046583398
2019,Jul,18,summer,Tuesday,3,Equipment_transport,3000,9,4500,1500,0.071664706
2019,Jul,19,summer,Wednesday,3,Staff_transport,3000,9,4500,1500,0.254262941
2019,Jul,20,summer,Thursday,3,Meetings,1000,9,4500,3500,0.885258334
2019,Jul,21,summer,Friday,3,Marketing_web,5000,10,5000,0,0.042521149
2019,Jul,22,summer,Saturday,3,Staff,2500,10,5000,2500,0.299469436
2019,Jul,23,summer,Sunday,3,Communication,600,10,5000,4400,0.792808049
2019,Jul,24,summer,Monday,3,Office_utilities,2000,10,5000,3000,0.545073848
2019,Jul,25,summer,Tuesday,3,Banking,250,10,5000,4750,0.488910712
2019,Jul,26,summer,Wednesday,3,Equipment,1000,3,1500,500,0.496500781
2019,Jul,27,summer,Thursday,3,Licenses,2000,3,1500,-500,0.146108684
2019,Jul,28,summer,Friday,3,Equipment_transport,3000,3,1500,-1500,0.102396316
2019,Jul,29,summer,Saturday,3,Staff_transport,3000,3,1500,-1500,0.005173149
2019,Jul,30,summer,Sunday,3,Meetings,1000,3,1500,500,0.070130795
2019,Jul,31,summer,Monday,3,Marketing_web,5000,3,1500,-3500,0.022967122
2019,Aug,1,summer,Tuesday,3,Staff,2500,3,1500,-1000,0.859494322
2019,Aug,2,summer,Wednesday,3,Communication,600,3,1500,900,0.56462793
2019,Aug,3,summer,Thursday,3,Office_utilities,2000,3,1500,-500,0.395238769
2019,Aug,4,summer,Friday,3,Banking,250,4,2000,1750,0.359257135
2019,Aug,5,summer,Saturday,3,Equipment,1000,5,2500,1500,0.107790011
2019,Aug,6,summer,Sunday,3,Licenses,2000,67,33500,31500,0.225697446
2019,Aug,7,summer,Monday,3,Equipment_transport,3000,7,3500,500,0.234815936
2019,Aug,8,summer,Tuesday,3,Staff_transport,3000,88,44000,41000,0.030173264
2019,Aug,9,summer,Wednesday,3,Meetings,1000,7,3500,2500,0.362008875
2019,Aug,10,summer,Thursday,3,Marketing_web,5000,77,38500,33500,0.120600289
2019,Aug,11,summer,Friday,3,Staff,2500,44,22000,19500,0.924937558
2019,Aug,12,summer,Saturday,3,Communication,600,44,22000,21400,0.374977335
2019,Aug,13,summer,Sunday,3,Office_utilities,2000,4,2000,0,0.206963024
2019,Aug,14,summer,Monday,3,Banking,250,4,2000,1750,0.31317625
2019,Aug,15,summer,Tuesday,3,Equipment,1000,3,1500,500,0.468056911
2019,Aug,16,summer,Wednesday,3,Licenses,2000,3,1500,-500,0.335215103
2019,Aug,17,summer,Thursday,3,Equipment_transport,3000,15,7500,4500,0.54744122
2019,Aug,18,summer,Friday,3,Staff_transport,3000,29,14500,11500,0.921401637
2019,Aug,19,summer,Saturday,3,Meetings,1000,12,6000,5000,0.115614806
2019,Aug,20,summer,Sunday,3,Marketing_web,5000,25,12500,7500,0.949309069
2019,Aug,21,summer,Monday,3,Staff,2500,10,5000,2500,0.915077083
2019,Aug,22,summer,Tuesday,3,Communication,600,14,7000,6400,0.039018321
2019,Aug,23,summer,Wednesday,3,Office_utilities,2000,10,5000,3000,0.615218137
2019,Aug,24,summer,Thursday,3,Banking,250,8,4000,3750,0.58498481
2019,Aug,25,summer,Friday,3,Equipment,1000,6,3000,2000,0.459135878
2019,Aug,26,summer,Saturday,3,Licenses,2000,3,1500,-500,0.381645158
2019,Aug,27,summer,Sunday,3,Equipment_transport,3000,7,3500,500,0.790771665
2019,Aug,28,summer,Monday,3,Staff_transport,3000,5,2500,-500,0.387570279
2019,Aug,29,summer,Tuesday,3,Meetings,1000,9,4500,3500,0.44599097
2019,Aug,30,summer,Wednesday,3,Marketing_web,5000,3,1500,-3500,0.612103593
2019,Aug,31,summer,Thursday,3,Staff,2500,4,2000,-500,0.364626049
2019,Sep,1,summer,Friday,3,Communication,600,5,2500,1900,0.244652811
2019,Sep,2,summer,Saturday,3,Office_utilities,2000,5,2500,500,0.659828563
2019,Sep,3,summer,Sunday,3,Banking,250,5,2500,2250,0.929515429
2019,Sep,4,summer,Monday,3,Equipment,1000,4,2000,1000,0.848973275
2019,Sep,5,summer,Tuesday,3,Licenses,2000,4,2000,0,0.992945881
2019,Sep,6,summer,Wednesday,3,Equipment_transport,3000,4,2000,-1000,0.613990937
2019,Sep,7,summer,Thursday,3,Staff_transport,3000,4,2000,-1000,0.636001521
2019,Sep,8,summer,Friday,3,Meetings,1000,4,2000,1000,0.413105259
2019,Sep,9,summer,Saturday,3,Marketing_web,5000,4,2000,-3000,0.408811348
2019,Sep,10,summer,Sunday,3,Staff,2500,4,2000,-500,0.293385879
2019,Sep,11,summer,Monday,3,Communication,600,4,2000,1400,0.881158485
2019,Sep,12,summer,Tuesday,3,Office_utilities,2000,4,2000,0,0.233148808
2019,Sep,13,summer,Wednesday,3,Banking,250,3,1500,1250,0.905368359
2019,Sep,14,summer,Thursday,3,Equipment,1000,1,500,-500,0.358992335
2019,Sep,15,summer,Friday,3,Licenses,2000,6,3000,1000,0.535839138
2019,Sep,16,summer,Saturday,3,Equipment_transport,3000,4,2000,-1000,0.222956191
2019,Sep,17,summer,Sunday,3,Staff_transport,3000,8,4000,1000,0.471118146
2019,Sep,18,summer,Monday,3,Meetings,1000,4,2000,1000,0.145077658
2019,Sep,19,summer,Tuesday,3,Marketing_web,5000,6,3000,-2000,0.04063475
2019,Sep,20,summer,Wednesday,3,Staff,2500,2,1000,-1500,0.614894272
2019,Sep,21,summer,Thursday,3,Communication,600,6,3000,2400,0.6266516
2019,Sep,22,summer,Friday,3,Office_utilities,2000,8,4000,2000,0.562992559
2019,Sep,23,autumn,Saturday,1,Banking,250,9,4500,4250,0.300844085
2019,Sep,24,autumn,Sunday,1,Equipment,1000,65,32500,31500,0.639363771
2019,Sep,25,autumn,Monday,1,Licenses,2000,3,1500,-500,0.353563564
2019,Sep,26,autumn,Tuesday,1,Equipment_transport,3000,5,2500,-500,0.975898083
2019,Sep,27,autumn,Wednesday,1,Staff_transport,3000,7,3500,500,0.124992209
2019,Sep,28,autumn,Thursday,1,Meetings,1000,7,3500,2500,0.501109076
2019,Sep,29,autumn,Friday,1,Marketing_web,5000,4,2000,-3000,0.103061752
2019,Sep,30,autumn,Saturday,1,Staff,2500,3,1500,-1000,0.037855738
2019,Okt,1,autumn,Sunday,1,Communication,600,4,2000,1400,0.121852037
2019,Okt,2,autumn,Monday,1,Office_utilities,2000,34,17000,15000,0.957151054
2019,Okt,3,autumn,Tuesday,1,Banking,250,35,17500,17250,0.832478213
2019,Okt,4,autumn,Wednesday,1,Equipment,1000,3,1500,500,0.511957294
2019,Okt,5,autumn,Thursday,1,Licenses,2000,5,2500,500,0.882054006
2019,Okt,6,autumn,Friday,1,Equipment_transport,3000,6,3000,0,0.585907497
2019,Okt,7,autumn,Saturday,1,Staff_transport,3000,8,4000,1000,0.766391683
2019,Okt,8,autumn,Sunday,1,Meetings,1000,9,4500,3500,0.304402407
2019,Okt,9,autumn,Monday,1,Marketing_web,5000,9,4500,-500,0.158141162
2019,Okt,10,autumn,Tuesday,1,Staff,2500,54,27000,24500,0.485005819
2019,Okt,11,autumn,Wednesday,1,Communication,600,4,2000,1400,0.367270033
2019,Okt,12,autumn,Thursday,1,Office_utilities,2000,5,2500,500,0.391538509
2019,Okt,13,autumn,Friday,1,Banking,250,3,1500,1250,0.594819448
2019,Okt,14,autumn,Saturday,1,Equipment,1000,6,3000,2000,0.084545424
2019,Okt,15,autumn,Sunday,1,Licenses,2000,7,3500,1500,0.988890829
2019,Okt,16,autumn,Monday,1,Equipment_transport,3000,9,4500,1500,0.77479542
2019,Okt,17,autumn,Tuesday,1,Staff_transport,3000,4,2000,-1000,0.776797729
2019,Okt,18,autumn,Wednesday,1,Meetings,1000,2,1000,0,0.594458186
2019,Okt,19,autumn,Thursday,1,Marketing_web,5000,6,3000,-2000,0.16673552
2019,Okt,20,autumn,Friday,1,Staff,2500,5,2500,0,0.695395072
2019,Okt,21,autumn,Saturday,1,Communication,600,4,2000,1400,0.432476975
2019,Okt,22,autumn,Sunday,1,Office_utilities,2000,2,1000,-1000,0.067093668
2019,Okt,23,autumn,Monday,1,Banking,250,5,2500,2250,0.840764789
2019,Okt,24,autumn,Tuesday,1,Equipment,1000,6,3000,2000,0.919118866
2019,Okt,25,autumn,Wednesday,1,Licenses,2000,7,3500,1500,0.092181029
2019,Okt,26,autumn,Thursday,1,Equipment_transport,3000,4,2000,-1000,0.449937315
2019,Okt,27,autumn,Friday,1,Staff_transport,3000,4,2000,-1000,0.523793722
2019,Okt,28,autumn,Saturday,1,Meetings,1000,4,2000,1000,0.066328102
2019,Okt,29,autumn,Sunday,1,Marketing_web,5000,4,2000,-3000,0.128701048
2019,Okt,30,autumn,Monday,1,Staff,2500,4,2000,-500,0.512894519
2019,Okt,31,autumn,Tuesday,1,Communication,600,4,2000,1400,0.028432197
2019,Nov,1,autumn,Wednesday,1,Office_utilities,2000,4,2000,0,0.702445814
2019,Nov,2,autumn,Thursday,1,Banking,250,4,2000,1750,0.181733626
2019,Nov,3,autumn,Friday,1,Equipment,1000,4,2000,1000,0.133092502
2019,Nov,4,autumn,Saturday,1,Licenses,2000,4,2000,0,0.34423608
2019,Nov,5,autumn,Sunday,1,Equipment_transport,3000,4,2000,-1000,0.520979426
2019,Nov,6,autumn,Monday,1,Staff_transport,3000,4,2000,-1000,0.419635968
2019,Nov,7,autumn,Tuesday,1,Meetings,1000,4,2000,1000,0.844793523
2019,Nov,8,autumn,Wednesday,1,Marketing_web,5000,2,1000,-4000,0.787912205
2019,Nov,9,autumn,Thursday,1,Staff,2500,2,1000,-1500,0.222610035
2019,Nov,10,autumn,Friday,1,Communication,600,2,1000,400,0.930878937
2019,Nov,11,autumn,Saturday,1,Office_utilities,2000,2,1000,-1000,0.190701842
2019,Nov,12,autumn,Sunday,1,Banking,250,2,1000,750,0.420160534
2019,Nov,13,autumn,Monday,1,Equipment,1000,2,1000,0,0.299349226
2019,Nov,14,autumn,Tuesday,1,Licenses,2000,2,1000,-1000,0.010368553
2019,Nov,15,autumn,Wednesday,1,Equipment_transport,3000,2,1000,-2000,0.792815229
2019,Nov,16,autumn,Thursday,1,Staff_transport,3000,2,1000,-2000,0.538325958
2019,Nov,17,autumn,Friday,1,Meetings,1000,4,2000,1000,0.606505408
2019,Nov,18,autumn,Saturday,1,Marketing_web,5000,56,28000,23000,0.448079124
2019,Nov,19,autumn,Sunday,1,Staff,2500,76,38000,35500,0.277875286
2019,Nov,20,autumn,Monday,1,Communication,600,8,4000,3400,0.46873007
2019,Nov,21,autumn,Tuesday,1,Office_utilities,2000,9,4500,2500,0.086106248
2019,Nov,22,autumn,Wednesday,1,Banking,250,6,3000,2750,0.263589529
2019,Nov,23,autumn,Thursday,1,Equipment,1000,4,2000,1000,0.483701266
2019,Nov,24,autumn,Friday,1,Licenses,2000,3,1500,-500,0.902902591
2019,Nov,25,autumn,Saturday,1,Equipment_transport,3000,5,2500,-500,0.57349132
2019,Nov,26,autumn,Sunday,1,Staff_transport,3000,6,3000,0,0.838674968
2019,Nov,27,autumn,Monday,1,Meetings,1000,4,2000,1000,0.630748281
2019,Nov,28,autumn,Tuesday,1,Marketing_web,5000,3,1500,-3500,0.806996337
2019,Nov,29,autumn,Wednesday,1,Staff,2500,3,1500,-1000,0.570938273
2019,Nov,30,autumn,Thursday,1,Communication,600,5,2500,1900,0.529894707
2019,Dec,1,autumn,Friday,1,Office_utilities,2000,6,3000,1000,0.809710009
2019,Dec,2,autumn,Saturday,1,Banking,250,8,4000,3750,0.613095596
2019,Dec,3,autumn,Sunday,1,Equipment,1000,8,4000,3000,0.400692231
2019,Dec,4,autumn,Monday,1,Licenses,2000,54,27000,25000,0.782280941
2019,Dec,5,autumn,Tuesday,1,Equipment_transport,3000,3,1500,-1500,0.479232203
2019,Dec,6,autumn,Wednesday,1,Staff_transport,3000,5,2500,-500,0.347621756
2019,Dec,7,autumn,Thursday,1,Meetings,1000,7,3500,2500,0.948426386
2019,Dec,8,autumn,Friday,1,Marketing_web,5000,8,4000,-1000,0.913439037
2019,Dec,9,autumn,Saturday,1,Staff,2500,2,1000,-1500,0.741849055
2019,Dec,10,autumn,Sunday,1,Communication,600,5,2500,1900,0.793006174
2019,Dec,11,autumn,Monday,1,Office_utilities,2000,3,1500,-500,0.780324459
2019,Dec,12,autumn,Tuesday,1,Banking,250,2,1000,750,0.032356017
2019,Dec,13,autumn,Wednesday,1,Equipment,1000,4,2000,1000,0.437566385
2019,Dec,14,autumn,Thursday,1,Licenses,2000,2,1000,-1000,0.747364958
2019,Dec,15,autumn,Friday,1,Equipment_transport,3000,4,2000,-1000,0.11256688
2019,Dec,16,autumn,Saturday,1,Staff_transport,3000,3,1500,-1500,0.878215928
2019,Dec,17,autumn,Sunday,1,Meetings,1000,2,1000,0,0.163656938
2019,Dec,18,autumn,Monday,1,Marketing_web,5000,3,1500,-3500,0.71325808
2019,Dec,19,autumn,Tuesday,1,Staff,2500,2,1000,-1500,0.034325527
2019,Dec,20,autumn,Wednesday,1,Communication,600,3,1500,900,0.152739597
2019,Dec,21,winter,Thursday,4,Office_utilities,2000,3,1500,-500,0.483568706
2019,Dec,22,winter,Friday,4,Banking,250,2,1000,750,0.508122121
2019,Dec,23,winter,Saturday,4,Equipment,1000,34,17000,16000,0.024221913
2019,Dec,24,winter,Sunday,4,Licenses,2000,4,2000,0,0.687285182
2019,Dec,25,winter,Monday,4,Equipment_transport,3000,6,3000,0,0.667205114
2019,Dec,26,winter,Tuesday,4,Staff_transport,3000,9,4500,1500,0.399746023
2019,Dec,27,winter,Wednesday,4,Meetings,1000,9,4500,3500,0.754161763
2019,Dec,28,winter,Thursday,4,Marketing_web,5000,10,5000,0,0.359832054
2019,Dec,29,winter,Friday,4,Staff,2500,9,4500,2000,0.943744839
2019,Dec,30,winter,Saturday,4,Communication,600,2,1000,400,0.196550917
2019,Dec,31,winter,Sunday,4,Office_utilities,2000,5,2500,500,0.944603163
2018,Jan,1,winter,Monday,4,Banking,250,5,2500,2250,0.972371967
2018,Jan,2,winter,Tuesday,4,Equipment,1000,3,1500,500,0.503562365
2018,Jan,3,winter,Wednesday,4,Licenses,2000,3,1500,-500,0.882955741
2018,Jan,4,winter,Thursday,4,Equipment_transport,3000,7,3500,500,0.817837566
2018,Jan,5,winter,Friday,4,Staff_transport,3000,7,3500,500,0.831947092
2018,Jan,6,winter,Saturday,4,Meetings,1000,7,3500,2500,0.335286467
2018,Jan,7,winter,Sunday,4,Marketing_web,5000,6,3000,-2000,0.277042592
2018,Jan,8,winter,Monday,4,Staff,2500,6,3000,500,0.168034547
2018,Jan,9,winter,Tuesday,4,Communication,600,7,3500,2900,0.414576895
2018,Jan,10,winter,Wednesday,4,Office_utilities,2000,8,4000,2000,0.515818728
2018,Jan,11,winter,Thursday,4,Banking,250,8,4000,3750,0.345796786
2018,Jan,12,winter,Friday,4,Equipment,1000,8,4000,3000,0.964842365
2018,Jan,13,winter,Saturday,4,Licenses,2000,5,2500,500,0.94634869
2018,Jan,14,winter,Sunday,4,Equipment_transport,3000,4,2000,-1000,0.685240337
2018,Jan,15,winter,Monday,4,Staff_transport,3000,4,2000,-1000,0.595657646
2018,Jan,16,winter,Tuesday,4,Meetings,1000,2,1000,0,0.17146554
2018,Jan,17,winter,Wednesday,4,Marketing_web,5000,12,6000,1000,0.04507604
2018,Jan,18,winter,Thursday,4,Staff,2500,2,1000,-1500,0.612482194
2018,Jan,19,winter,Friday,4,Communication,600,2,1000,400,0.351306221
2018,Jan,20,winter,Saturday,4,Office_utilities,2000,2,1000,-1000,0.627086248
2018,Jan,21,winter,Sunday,4,Banking,250,2,1000,750,0.820989029
2018,Jan,22,winter,Monday,4,Equipment,1000,2,1000,0,0.567593216
2018,Jan,23,winter,Tuesday,4,Licenses,2000,8,4000,2000,0.102443252
2018,Jan,24,winter,Wednesday,4,Equipment_transport,3000,8,4000,1000,0.295670802
2018,Jan,25,winter,Thursday,4,Staff_transport,3000,8,4000,1000,0.104910382
2018,Jan,26,winter,Friday,4,Meetings,1000,8,4000,3000,0.694733165
2018,Jan,27,winter,Saturday,4,Marketing_web,5000,8,4000,-1000,0.786737249
2018,Jan,28,winter,Sunday,4,Staff,2500,2,1000,-1500,0.863958415
2018,Jan,29,winter,Monday,4,Communication,600,3,1500,900,0.4696772
2018,Jan,30,winter,Tuesday,4,Office_utilities,2000,54,27000,25000,0.569299808
2018,Jan,31,winter,Wednesday,4,Banking,250,6,3000,2750,0.843692716
2018,Feb,1,winter,Thursday,4,Equipment,1000,7,3500,2500,0.503855028
2018,Feb,2,winter,Friday,4,Licenses,2000,7,3500,1500,0.22626951
2018,Feb,3,winter,Saturday,4,Equipment_transport,3000,2,1000,-2000,0.990865114
2018,Feb,4,winter,Sunday,4,Staff_transport,3000,2,1000,-2000,0.537043753
2018,Feb,5,winter,Monday,4,Meetings,1000,2,1000,0,0.182155181
2018,Feb,6,winter,Tuesday,4,Marketing_web,5000,2,1000,-4000,0.190280608
2018,Feb,7,winter,Wednesday,4,Staff,2500,2,1000,-1500,0.685422651
2018,Feb,8,winter,Thursday,4,Communication,600,3,1500,900,0.76278955
2018,Feb,9,winter,Friday,4,Office_utilities,2000,3,1500,-500,0.087066046
2018,Feb,10,winter,Saturday,4,Banking,250,3,1500,1250,0.931853729
2018,Feb,11,winter,Sunday,4,Equipment,1000,3,1500,500,0.180938758
2018,Feb,12,winter,Monday,4,Licenses,2000,3,1500,-500,0.370598079
2018,Feb,13,winter,Tuesday,4,Equipment_transport,3000,3,1500,-1500,0.607336064
2018,Feb,14,winter,Wednesday,4,Staff_transport,3000,3,1500,-1500,0.970798164
2018,Feb,15,winter,Thursday,4,Meetings,1000,1,500,-500,0.708463292
2018,Feb,16,winter,Friday,4,Marketing_web,5000,2,1000,-4000,0.351546586
2018,Feb,17,winter,Saturday,4,Staff,2500,34,17000,14500,0.939112678
2018,Feb,18,winter,Sunday,4,Communication,600,5,2500,1900,0.281436444
2018,Feb,19,winter,Monday,4,Office_utilities,2000,67,33500,31500,0.542859252
2018,Feb,20,winter,Tuesday,4,Banking,250,8,4000,3750,0.529131064
2018,Feb,21,winter,Wednesday,4,Equipment,1000,5,2500,1500,0.060669763
2018,Feb,22,winter,Thursday,4,Licenses,2000,4,2000,0,0.53746738
2018,Feb,23,winter,Friday,4,Equipment_transport,3000,9,4500,1500,0.571322265
2018,Feb,24,winter,Saturday,4,Staff_transport,3000,7,3500,500,0.686719767
2018,Feb,25,winter,Sunday,4,Meetings,1000,4,2000,1000,0.419592998
2018,Feb,26,winter,Monday,4,Marketing_web,5000,5,2500,-2500,0.057878636
2018,Feb,27,winter,Tuesday,4,Staff,2500,6,3000,500,0.651815381
2018,Feb,28,winter,Wednesday,4,Communication,600,4,2000,1400,0.617419535
2018,Feb,29,winter,Thursday,4,Office_utilities,2000,4,2000,0,0.312290566
2018,Mar,1,winter,Friday,4,Banking,250,4,2000,1750,0.954823743
2018,Mar,2,winter,Saturday,4,Equipment,1000,24,12000,11000,0.022945117
2018,Mar,3,winter,Sunday,4,Licenses,2000,29,14500,12500,0.100727991
2018,Mar,4,winter,Monday,4,Equipment_transport,3000,28,14000,11000,0.540714898
2018,Mar,5,winter,Tuesday,4,Staff_transport,3000,29,14500,11500,0.13151809
2018,Mar,6,winter,Wednesday,4,Meetings,1000,9,4500,3500,0.861279412
2018,Mar,7,winter,Thursday,4,Marketing_web,5000,9,4500,-500,0.739961489
2018,Mar,8,winter,Friday,4,Staff,2500,9,4500,2000,0.365135538
2018,Mar,9,winter,Saturday,4,Communication,600,10,5000,4400,0.676439307
2018,Mar,10,winter,Sunday,4,Office_utilities,2000,10,5000,3000,0.696006285
2018,Mar,11,winter,Monday,4,Banking,250,10,5000,4750,0.537465705
2018,Mar,12,winter,Tuesday,4,Equipment,1000,10,5000,4000,0.665070019
2018,Mar,13,winter,Wednesday,4,Licenses,2000,10,5000,3000,0.153507814
2018,Mar,14,winter,Thursday,4,Equipment_transport,3000,3,1500,-1500,0.965901776
2018,Mar,15,winter,Friday,4,Staff_transport,3000,3,1500,-1500,0.51824326
2018,Mar,16,winter,Saturday,4,Meetings,1000,3,1500,500,0.98404028
2018,Mar,17,winter,Sunday,4,Marketing_web,5000,3,1500,-3500,0.165120617
2018,Mar,18,winter,Monday,4,Staff,2500,3,1500,-1000,0.98470398
2018,Mar,19,winter,Tuesday,4,Communication,600,3,1500,900,0.354309653
2018,Mar,20,winter,Wednesday,4,Office_utilities,2000,3,1500,-500,0.734356606
2018,Mar,21,spring,Thursday,2,Banking,250,3,1500,1250,0.631270142
2018,Mar,22,spring,Friday,2,Equipment,1000,3,1500,500,0.942559375
2018,Mar,23,spring,Saturday,2,Licenses,2000,4,2000,0,0.534103346
2018,Mar,24,spring,Sunday,2,Equipment_transport,3000,5,2500,-500,0.518805998
2018,Mar,25,spring,Monday,2,Staff_transport,3000,67,33500,30500,0.70120143
2018,Mar,26,spring,Tuesday,2,Meetings,1000,7,3500,2500,0.123463131
2018,Mar,27,spring,Wednesday,2,Marketing_web,5000,88,44000,39000,0.068841869
2018,Mar,28,spring,Thursday,2,Staff,2500,7,3500,1000,0.033316745
2018,Mar,29,spring,Friday,2,Communication,600,77,38500,37900,0.35440925
2018,Mar,30,spring,Saturday,2,Office_utilities,2000,44,22000,20000,0.021040863
2018,Mar,31,spring,Sunday,2,Banking,250,44,22000,21750,0.325762441
2018,Apr,1,spring,Monday,2,Equipment,1000,4,2000,1000,0.233143165
2018,Apr,2,spring,Tuesday,2,Licenses,2000,4,2000,0,0.170240095
2018,Apr,3,spring,Wednesday,2,Equipment_transport,3000,3,1500,-1500,0.456991296
2018,Apr,4,spring,Thursday,2,Staff_transport,3000,3,1500,-1500,0.260439314
2018,Apr,5,spring,Friday,2,Meetings,1000,15,7500,6500,0.366779466
2018,Apr,6,spring,Saturday,2,Marketing_web,5000,29,14500,9500,0.300848245
2018,Apr,7,spring,Sunday,2,Staff,2500,12,6000,3500,0.617146033
2018,Apr,8,spring,Monday,2,Communication,600,25,12500,11900,0.369537873
2018,Apr,9,spring,Tuesday,2,Office_utilities,2000,10,5000,3000,0.200125956
2018,Apr,10,spring,Wednesday,2,Banking,250,14,7000,6750,0.747278607
2018,Apr,11,spring,Thursday,2,Equipment,1000,10,5000,4000,0.827719796
2018,Apr,12,spring,Friday,2,Licenses,2000,8,4000,2000,0.658136205
2018,Apr,13,spring,Saturday,2,Equipment_transport,3000,6,3000,0,0.59265255
2018,Apr,14,spring,Sunday,2,Staff_transport,3000,3,1500,-1500,0.572107505
2018,Apr,15,spring,Monday,2,Meetings,1000,7,3500,2500,0.316401007
2018,Apr,16,spring,Tuesday,2,Marketing_web,5000,5,2500,-2500,0.080256494
2018,Apr,17,spring,Wednesday,2,Staff,2500,9,4500,2000,0.728237432
2018,Apr,18,spring,Thursday,2,Communication,600,3,1500,900,0.233592428
2018,Apr,19,spring,Friday,2,Office_utilities,2000,4,2000,0,0.119184734
2018,Apr,20,spring,Saturday,2,Banking,250,5,2500,2250,0.642722468
2018,Apr,21,spring,Sunday,2,Equipment,1000,5,2500,1500,0.783400548
2018,Apr,22,spring,Monday,2,Licenses,2000,5,2500,500,0.117621078
2018,Apr,23,spring,Tuesday,2,Equipment_transport,3000,4,2000,-1000,0.132984632
2018,Apr,24,spring,Wednesday,2,Staff_transport,3000,4,2000,-1000,0.821239508
2018,Apr,25,spring,Thursday,2,Meetings,1000,4,2000,1000,0.080096091
2018,Apr,26,spring,Friday,2,Marketing_web,5000,4,2000,-3000,0.265925232
2018,Apr,27,spring,Saturday,2,Staff,2500,4,2000,-500,0.373618908
2018,Apr,28,spring,Sunday,2,Communication,600,4,2000,1400,0.542892297
2018,Apr,29,spring,Monday,2,Office_utilities,2000,4,2000,0,0.217595313
2018,Apr,30,spring,Tuesday,2,Banking,250,4,2000,1750,0.629054032
2018,May,1,spring,Wednesday,2,Equipment,1000,4,2000,1000,0.602523939
2018,May,2,spring,Thursday,2,Licenses,2000,3,1500,-500,0.986288397
2018,May,3,spring,Friday,2,Equipment_transport,3000,1,500,-2500,0.76240339
2018,May,4,spring,Saturday,2,Staff_transport,3000,6,3000,0,0.84678506
2018,May,5,spring,Sunday,2,Meetings,1000,4,2000,1000,0.169522598
2018,May,6,spring,Monday,2,Marketing_web,5000,8,4000,-1000,0.866087012
2018,May,7,spring,Tuesday,2,Staff,2500,4,2000,-500,0.801761302
2018,May,8,spring,Wednesday,2,Communication,600,6,3000,2400,0.618049113
2018,May,9,spring,Thursday,2,Office_utilities,2000,2,1000,-1000,0.152848665
2018,May,10,spring,Friday,2,Banking,250,6,3000,2750,0.074355117
2018,May,11,spring,Saturday,2,Equipment,1000,8,4000,3000,0.57429499
2018,May,12,spring,Sunday,2,Licenses,2000,9,4500,2500,0.339286266
2018,May,13,spring,Monday,2,Equipment_transport,3000,65,32500,29500,0.425576332
2018,May,14,spring,Tuesday,2,Staff_transport,3000,3,1500,-1500,0.422617114
2018,May,15,spring,Wednesday,2,Meetings,1000,5,2500,1500,0.340737345
2018,May,16,spring,Thursday,2,Marketing_web,5000,7,3500,-1500,0.029441354
2018,May,17,spring,Friday,2,Staff,2500,7,3500,1000,0.388157835
2018,May,18,spring,Saturday,2,Communication,600,4,2000,1400,0.582901697
2018,May,19,spring,Sunday,2,Office_utilities,2000,3,1500,-500,0.061205799
2018,May,20,spring,Monday,2,Banking,250,4,2000,1750,0.499613934
2018,May,21,spring,Tuesday,2,Equipment,1000,34,17000,16000,0.927738596
2018,May,22,spring,Wednesday,2,Licenses,2000,35,17500,15500,0.182681513
2018,May,23,spring,Thursday,2,Equipment_transport,3000,3,1500,-1500,0.279986927
2018,May,24,spring,Friday,2,Staff_transport,3000,5,2500,-500,0.793864082
2018,May,25,spring,Saturday,2,Meetings,1000,6,3000,2000,0.524617192
2018,May,26,spring,Sunday,2,Marketing_web,5000,8,4000,-1000,0.217299529
2018,May,27,spring,Monday,2,Staff,2500,9,4500,2000,0.045764812
2018,May,28,spring,Tuesday,2,Communication,600,9,4500,3900,0.228873241
2018,May,29,spring,Wednesday,2,Office_utilities,2000,54,27000,25000,0.516286163
2018,May,30,spring,Thursday,2,Banking,250,4,2000,1750,0.473132237
2018,May,31,spring,Friday,2,Equipment,1000,5,2500,1500,0.147888237
2018,Jun,1,spring,Saturday,2,Licenses,2000,3,1500,-500,0.050952845
2018,Jun,2,spring,Sunday,2,Equipment_transport,3000,6,3000,0,0.040682292
2018,Jun,3,spring,Monday,2,Staff_transport,3000,7,3500,500,0.540153574
2018,Jun,4,spring,Tuesday,2,Meetings,1000,9,4500,3500,0.523317591
2018,Jun,5,spring,Wednesday,2,Marketing_web,5000,4,2000,-3000,0.752953681
2018,Jun,6,spring,Thursday,2,Staff,2500,2,1000,-1500,0.290926117
2018,Jun,7,spring,Friday,2,Communication,600,6,3000,2400,0.620988098
2018,Jun,8,spring,Saturday,2,Office_utilities,2000,5,2500,500,0.308738781
2018,Jun,9,spring,Sunday,2,Banking,250,4,2000,1750,0.525992636
2018,Jun,10,spring,Monday,2,Equipment,1000,2,1000,0,0.431991556
2018,Jun,11,spring,Tuesday,2,Licenses,2000,5,2500,500,0.423746105
2018,Jun,12,spring,Wednesday,2,Equipment_transport,3000,6,3000,0,0.22062748
2018,Jun,13,spring,Thursday,2,Staff_transport,3000,7,3500,500,0.385833862
2018,Jun,14,spring,Friday,2,Meetings,1000,4,2000,1000,0.576724923
2018,Jun,15,spring,Saturday,2,Marketing_web,5000,4,2000,-3000,0.44211018
2018,Jun,16,spring,Sunday,2,Staff,2500,4,2000,-500,0.511468329
2018,Jun,17,spring,Monday,2,Communication,600,4,2000,1400,0.379410399
2018,Jun,18,spring,Tuesday,2,Office_utilities,2000,4,2000,0,0.950476566
2018,Jun,19,spring,Wednesday,2,Banking,250,4,2000,1750,0.005884169
2018,Jun,20,spring,Thursday,2,Equipment,1000,4,2000,1000,0.747208873
2018,Jun,21,summer,Friday,3,Licenses,2000,4,2000,0,0.457764715
2018,Jun,22,summer,Saturday,3,Equipment_transport,3000,4,2000,-1000,0.555393718
2018,Jun,23,summer,Sunday,3,Staff_transport,3000,4,2000,-1000,0.090243589
2018,Jun,24,summer,Monday,3,Meetings,1000,4,2000,1000,0.30652274
2018,Jun,25,summer,Tuesday,3,Marketing_web,5000,4,2000,-3000,0.441649918
2018,Jun,26,summer,Wednesday,3,Staff,2500,4,2000,-500,0.555071579
2018,Jun,27,summer,Thursday,3,Communication,600,2,1000,400,0.559821851
2018,Jun,28,summer,Friday,3,Office_utilities,2000,2,1000,-1000,0.298683057
2018,Jun,29,summer,Saturday,3,Banking,250,2,1000,750,0.819929328
2018,Jun,30,summer,Sunday,3,Equipment,1000,2,1000,0,0.57817525
2018,Jul,1,summer,Monday,3,Licenses,2000,2,1000,-1000,0.010031752
2018,Jul,2,summer,Tuesday,3,Equipment_transport,3000,2,1000,-2000,0.150146483
2018,Jul,3,summer,Wednesday,3,Staff_transport,3000,2,1000,-2000,0.892205074
2018,Jul,4,summer,Thursday,3,Meetings,1000,2,1000,0,0.193054472
2018,Jul,5,summer,Friday,3,Marketing_web,5000,2,1000,-4000,0.939296668
2018,Jul,6,summer,Saturday,3,Staff,2500,4,2000,-500,0.832401984
2018,Jul,7,summer,Sunday,3,Communication,600,56,28000,27400,0.847857958
2018,Jul,8,summer,Monday,3,Office_utilities,2000,76,38000,36000,0.727499026
2018,Jul,9,summer,Tuesday,3,Banking,250,8,4000,3750,0.296099529
2018,Jul,10,summer,Wednesday,3,Equipment,1000,9,4500,3500,0.632673038
2018,Jul,11,summer,Thursday,3,Licenses,2000,6,3000,1000,0.771833026
2018,Jul,12,summer,Friday,3,Equipment_transport,3000,4,2000,-1000,0.938477172
2018,Jul,13,summer,Saturday,3,Staff_transport,3000,3,1500,-1500,0.305384869
2018,Jul,14,summer,Sunday,3,Meetings,1000,5,2500,1500,0.621074913
2018,Jul,15,summer,Monday,3,Marketing_web,5000,6,3000,-2000,0.88597152
2018,Jul,16,summer,Tuesday,3,Staff,2500,4,2000,-500,0.922240209
2018,Jul,17,summer,Wednesday,3,Communication,600,3,1500,900,0.213837613
2018,Jul,18,summer,Thursday,3,Office_utilities,2000,3,1500,-500,0.199249766
2018,Jul,19,summer,Friday,3,Banking,250,5,2500,2250,0.998537401
2018,Jul,20,summer,Saturday,3,Equipment,1000,6,3000,2000,0.105346985
2018,Jul,21,summer,Sunday,3,Licenses,2000,8,4000,2000,0.750860636
2018,Jul,22,summer,Monday,3,Equipment_transport,3000,8,4000,1000,0.959596607
2018,Jul,23,summer,Tuesday,3,Staff_transport,3000,54,27000,24000,0.905796144
2018,Jul,24,summer,Wednesday,3,Meetings,1000,3,1500,500,0.985449861
2018,Jul,25,summer,Thursday,3,Marketing_web,5000,5,2500,-2500,0.739330319
2018,Jul,26,summer,Friday,3,Staff,2500,7,3500,1000,0.217797072
2018,Jul,27,summer,Saturday,3,Communication,600,8,4000,3400,0.127058121
2018,Jul,28,summer,Sunday,3,Office_utilities,2000,2,1000,-1000,0.3828749
2018,Jul,29,summer,Monday,3,Banking,250,5,2500,2250,0.728829551
2018,Jul,30,summer,Tuesday,3,Equipment,1000,3,1500,500,0.674538211
2018,Jul,31,summer,Wednesday,3,Licenses,2000,2,1000,-1000,0.835780467
2018,Aug,1,summer,Thursday,3,Equipment_transport,3000,4,2000,-1000,0.576483558
2018,Aug,2,summer,Friday,3,Staff_transport,3000,2,1000,-2000,0.155554985
2018,Aug,3,summer,Saturday,3,Meetings,1000,4,2000,1000,0.786283677
2018,Aug,4,summer,Sunday,3,Marketing_web,5000,3,1500,-3500,0.994127671
2018,Aug,5,summer,Monday,3,Staff,2500,2,1000,-1500,0.438593166
2018,Aug,6,summer,Tuesday,3,Communication,600,3,1500,900,0.838200142
2018,Aug,7,summer,Wednesday,3,Office_utilities,2000,2,1000,-1000,0.316072982
2018,Aug,8,summer,Thursday,3,Banking,250,3,1500,1250,0.162351961
2018,Aug,9,summer,Friday,3,Equipment,1000,3,1500,500,0.190278983
2018,Aug,10,summer,Saturday,3,Licenses,2000,2,1000,-1000,0.980796456
2018,Aug,11,summer,Sunday,3,Equipment_transport,3000,34,17000,14000,0.179031129
2018,Aug,12,summer,Monday,3,Staff_transport,3000,4,2000,-1000,0.597453617
2018,Aug,13,summer,Tuesday,3,Meetings,1000,6,3000,2000,0.372098096
2018,Aug,14,summer,Wednesday,3,Marketing_web,5000,9,4500,-500,0.785577412
2018,Aug,15,summer,Thursday,3,Staff,2500,9,4500,2000,0.73981881
2018,Aug,16,summer,Friday,3,Communication,600,10,5000,4400,0.959523242
2018,Aug,17,summer,Saturday,3,Office_utilities,2000,9,4500,2500,0.576309026
2018,Aug,18,summer,Sunday,3,Banking,250,2,1000,750,0.816516836
2018,Aug,19,summer,Monday,3,Equipment,1000,5,2500,1500,0.975724029
2018,Aug,20,summer,Tuesday,3,Licenses,2000,5,2500,500,0.120605789
2018,Aug,21,summer,Wednesday,3,Equipment_transport,3000,3,1500,-1500,0.376795307
2018,Aug,22,summer,Thursday,3,Staff_transport,3000,3,1500,-1500,0.299680478
2018,Aug,23,summer,Friday,3,Meetings,1000,7,3500,2500,0.443579644
2018,Aug,24,summer,Saturday,3,Marketing_web,5000,7,3500,-1500,0.734484088
2018,Aug,25,summer,Sunday,3,Staff,2500,7,3500,1000,0.20305898
2018,Aug,26,summer,Monday,3,Communication,600,6,3000,2400,0.110633599
2018,Aug,27,summer,Tuesday,3,Office_utilities,2000,6,3000,1000,0.315876221
2018,Aug,28,summer,Wednesday,3,Banking,250,7,3500,3250,0.263443567
2018,Aug,29,summer,Thursday,3,Equipment,1000,8,4000,3000,0.276333619
2018,Aug,30,summer,Friday,3,Licenses,2000,8,4000,2000,0.833487242
2018,Aug,31,summer,Saturday,3,Equipment_transport,3000,8,4000,1000,0.742775101
2018,Sep,1,summer,Sunday,3,Staff_transport,3000,5,2500,-500,0.803056755
2018,Sep,2,summer,Monday,3,Meetings,1000,4,2000,1000,0.639944439
2018,Sep,3,summer,Tuesday,3,Marketing_web,5000,4,2000,-3000,0.050591376
2018,Sep,4,summer,Wednesday,3,Staff,2500,2,1000,-1500,0.495729897
2018,Sep,5,summer,Thursday,3,Communication,600,12,6000,5400,0.896153002
2018,Sep,6,summer,Friday,3,Office_utilities,2000,2,1000,-1000,0.860805507
2018,Sep,7,summer,Saturday,3,Banking,250,2,1000,750,0.995942919
2018,Sep,8,summer,Sunday,3,Equipment,1000,2,1000,0,0.419953436
2018,Sep,9,summer,Monday,3,Licenses,2000,2,1000,-1000,0.470922673
2018,Sep,10,summer,Tuesday,3,Equipment_transport,3000,2,1000,-2000,0.447273634
2018,Sep,11,summer,Wednesday,3,Staff_transport,3000,8,4000,1000,0.583599642
2018,Sep,12,summer,Thursday,3,Meetings,1000,8,4000,3000,0.872930614
2018,Sep,13,summer,Friday,3,Marketing_web,5000,8,4000,-1000,0.586264912
2018,Sep,14,summer,Saturday,3,Staff,2500,8,4000,1500,0.860563403
2018,Sep,15,summer,Sunday,3,Communication,600,8,4000,3400,0.572637679
2018,Sep,16,summer,Monday,3,Office_utilities,2000,2,1000,-1000,0.756521745
2018,Sep,17,summer,Tuesday,3,Banking,250,3,1500,1250,0.077500965
2018,Sep,18,summer,Wednesday,3,Equipment,1000,54,27000,26000,0.036595556
2018,Sep,19,summer,Thursday,3,Licenses,2000,6,3000,1000,0.277783671
2018,Sep,20,summer,Friday,3,Equipment_transport,3000,7,3500,500,0.050855075
2018,Sep,21,summer,Saturday,3,Staff_transport,3000,7,3500,500,0.699176095
2018,Sep,22,summer,Sunday,3,Meetings,1000,2,1000,0,0.310536352
2018,Sep,23,autumn,Monday,1,Marketing_web,5000,2,1000,-4000,0.906272189
2018,Sep,24,autumn,Tuesday,1,Staff,2500,2,1000,-1500,0.762935289
2018,Sep,25,autumn,Wednesday,1,Communication,600,2,1000,400,0.472455255
2018,Sep,26,autumn,Thursday,1,Office_utilities,2000,2,1000,-1000,0.054623799
2018,Sep,27,autumn,Friday,1,Banking,250,3,1500,1250,0.879567498
2018,Sep,28,autumn,Saturday,1,Equipment,1000,3,1500,500,0.620026987
2018,Sep,29,autumn,Sunday,1,Licenses,2000,3,1500,-500,0.276586672
2018,Sep,30,autumn,Monday,1,Equipment_transport,3000,3,1500,-1500,0.070593183
2018,Okt,1,autumn,Tuesday,1,Staff_transport,3000,3,1500,-1500,0.669219312
2018,Okt,2,autumn,Wednesday,1,Meetings,1000,3,1500,500,0.411767148
2018,Okt,3,autumn,Thursday,1,Marketing_web,5000,3,1500,-3500,0.589075692
2018,Okt,4,autumn,Friday,1,Staff,2500,1,500,-2000,0.627739541
2018,Okt,5,autumn,Saturday,1,Communication,600,2,1000,400,0.608475592
2018,Okt,6,autumn,Sunday,1,Office_utilities,2000,34,17000,15000,0.830801732
2018,Okt,7,autumn,Monday,1,Banking,250,5,2500,2250,0.280421109
2018,Okt,8,autumn,Tuesday,1,Equipment,1000,67,33500,32500,0.840190461
2018,Okt,9,autumn,Wednesday,1,Licenses,2000,8,4000,2000,0.840169256
2018,Okt,10,autumn,Thursday,1,Equipment_transport,3000,5,2500,-500,0.115118581
2018,Okt,11,autumn,Friday,1,Staff_transport,3000,4,2000,-1000,0.668502432
2018,Okt,12,autumn,Saturday,1,Meetings,1000,9,4500,3500,0.728338099
2018,Okt,13,autumn,Sunday,1,Marketing_web,5000,7,3500,-1500,0.860114329
2018,Okt,14,autumn,Monday,1,Staff,2500,4,2000,-500,0.111023686
2018,Okt,15,autumn,Tuesday,1,Communication,600,5,2500,1900,0.235178406
2018,Okt,16,autumn,Wednesday,1,Office_utilities,2000,6,3000,1000,0.435096662
2018,Okt,17,autumn,Thursday,1,Banking,250,4,2000,1750,0.814660821
2018,Okt,18,autumn,Friday,1,Equipment,1000,4,2000,1000,0.455079454
2018,Okt,19,autumn,Saturday,1,Licenses,2000,4,2000,0,0.622408486
2018,Okt,20,autumn,Sunday,1,Equipment_transport,3000,24,12000,9000,0.617756829
2018,Okt,21,autumn,Monday,1,Staff_transport,3000,29,14500,11500,0.791397223
2018,Okt,22,autumn,Tuesday,1,Meetings,1000,28,14000,13000,0.073779378
2018,Okt,23,autumn,Wednesday,1,Marketing_web,5000,29,14500,9500,0.258227048
2018,Okt,24,autumn,Thursday,1,Staff,2500,9,4500,2000,0.672482674
2018,Okt,25,autumn,Friday,1,Communication,600,9,4500,3900,0.980311026
2018,Okt,26,autumn,Saturday,1,Office_utilities,2000,9,4500,2500,0.954376504
2018,Okt,27,autumn,Sunday,1,Banking,250,10,5000,4750,0.849301525
2018,Okt,28,autumn,Monday,1,Equipment,1000,10,5000,4000,0.290540109
2018,Okt,29,autumn,Tuesday,1,Licenses,2000,10,5000,3000,0.494722752
2018,Okt,30,autumn,Wednesday,1,Equipment_transport,3000,10,5000,2000,0.102818154
2018,Okt,31,autumn,Thursday,1,Staff_transport,3000,10,5000,2000,0.643423964
2018,Nov,1,autumn,Friday,1,Meetings,1000,3,1500,500,0.181207198
2018,Nov,2,autumn,Saturday,1,Marketing_web,5000,3,1500,-3500,0.50969093
2018,Nov,3,autumn,Sunday,1,Staff,2500,3,1500,-1000,0.223792609
2018,Nov,4,autumn,Monday,1,Communication,600,3,1500,900,0.488679488
2018,Nov,5,autumn,Tuesday,1,Office_utilities,2000,3,1500,-500,0.109714347
2018,Nov,6,autumn,Wednesday,1,Banking,250,3,1500,1250,0.483369552
2018,Nov,7,autumn,Thursday,1,Equipment,1000,3,1500,500,0.945056354
2018,Nov,8,autumn,Friday,1,Licenses,2000,3,1500,-500,0.273702559
2018,Nov,9,autumn,Saturday,1,Equipment_transport,3000,3,1500,-1500,0.326133278
2018,Nov,10,autumn,Sunday,1,Staff_transport,3000,4,2000,-1000,0.726155004
2018,Nov,11,autumn,Monday,1,Meetings,1000,5,2500,1500,0.042888536
2018,Nov,12,autumn,Tuesday,1,Marketing_web,5000,67,33500,28500,0.663795811
2018,Nov,13,autumn,Wednesday,1,Staff,2500,7,3500,1000,0.074778543
2018,Nov,14,autumn,Thursday,1,Communication,600,88,44000,43400,0.804353228
2018,Nov,15,autumn,Friday,1,Office_utilities,2000,7,3500,1500,0.570750718
2018,Nov,16,autumn,Saturday,1,Banking,250,77,38500,38250,0.621673607
2018,Nov,17,autumn,Sunday,1,Equipment,1000,44,22000,21000,0.504951727
2018,Nov,18,autumn,Monday,1,Licenses,2000,44,22000,20000,0.622668004
2018,Nov,19,autumn,Tuesday,1,Equipment_transport,3000,4,2000,-1000,0.015899685
2018,Nov,20,autumn,Wednesday,1,Staff_transport,3000,4,2000,-1000,0.596915983
2018,Nov,21,autumn,Thursday,1,Meetings,1000,3,1500,500,0.228009807
2018,Nov,22,autumn,Friday,1,Marketing_web,5000,3,1500,-3500,0.155397693
2018,Nov,23,autumn,Saturday,1,Staff,2500,15,7500,5000,0.194119635
2018,Nov,24,autumn,Sunday,1,Communication,600,29,14500,13900,0.20562523
2018,Nov,25,autumn,Monday,1,Office_utilities,2000,12,6000,4000,0.856722325
2018,Nov,26,autumn,Tuesday,1,Banking,250,25,12500,12250,0.754078712
2018,Nov,27,autumn,Wednesday,1,Equipment,1000,1,500,-500,0.608689265
2018,Nov,28,autumn,Thursday,1,Licenses,2000,1,500,-1500,0.437216812
2018,Nov,29,autumn,Friday,1,Equipment_transport,3000,1,500,-2500,0.404171255
2018,Nov,30,autumn,Saturday,1,Staff_transport,3000,4,2000,-1000,0.350636084
2018,Dec,1,autumn,Sunday,1,Meetings,1000,4,2000,1000,0.941552966
2018,Dec,2,autumn,Monday,1,Marketing_web,5000,4,2000,-3000,0.332762448
2018,Dec,3,autumn,Tuesday,1,Staff,2500,24,12000,9500,0.683603397
2018,Dec,4,autumn,Wednesday,1,Communication,600,29,14500,13900,0.138730723
2018,Dec,5,autumn,Thursday,1,Office_utilities,2000,28,14000,12000,0.360718609
2018,Dec,6,autumn,Friday,1,Banking,250,29,14500,14250,0.268122408
2018,Dec,7,autumn,Saturday,1,Equipment,1000,9,4500,3500,0.299444149
2018,Dec,8,autumn,Sunday,1,Licenses,2000,9,4500,2500,0.635943915
2018,Dec,9,autumn,Monday,1,Equipment_transport,3000,9,4500,1500,0.576358546
2018,Dec,10,autumn,Tuesday,1,Staff_transport,3000,10,5000,2000,0.643138695
2018,Dec,11,autumn,Wednesday,1,Meetings,1000,10,5000,4000,0.873711787
2018,Dec,12,autumn,Thursday,1,Marketing_web,5000,10,5000,0,0.738459798
2018,Dec,13,autumn,Friday,1,Staff,2500,10,5000,2500,0.555327995
2018,Dec,14,autumn,Saturday,1,Communication,600,10,5000,4400,0.206050188
2018,Dec,15,autumn,Sunday,1,Office_utilities,2000,3,1500,-500,0.555654122
2018,Dec,16,autumn,Monday,1,Banking,250,3,1500,1250,0.605668412
2018,Dec,17,autumn,Tuesday,1,Equipment,1000,3,1500,500,0.529050984
2018,Dec,18,autumn,Wednesday,1,Licenses,2000,3,1500,-500,0.399366096
2018,Dec,19,autumn,Thursday,1,Equipment_transport,3000,3,1500,-1500,0.493221244
2018,Dec,20,autumn,Friday,1,Staff_transport,3000,3,1500,-1500,0.174756964
2018,Dec,21,winter,Saturday,4,Meetings,1000,3,1500,500,0.475908718
2018,Dec,22,winter,Sunday,4,Marketing_web,5000,3,1500,-3500,0.877974098
2018,Dec,23,winter,Monday,4,Staff,2500,3,1500,-1000,0.705271623
2018,Dec,24,winter,Tuesday,4,Communication,600,4,2000,1400,0.393380689
2018,Dec,25,winter,Wednesday,4,Office_utilities,2000,5,2500,500,0.563148135
2018,Dec,26,winter,Thursday,4,Banking,250,67,33500,33250,0.822696519
2018,Dec,27,winter,Friday,4,Equipment,1000,7,3500,2500,0.091560604
2018,Dec,28,winter,Saturday,4,Licenses,2000,88,44000,42000,0.423122463
2018,Dec,29,winter,Sunday,4,Equipment_transport,3000,7,3500,500,0.190143052
2018,Dec,30,winter,Monday,4,Staff_transport,3000,77,38500,35500,0.051323246
2018,Dec,31,winter,Tuesday,4,Marketing_web,5000,44,22000,17000,0.347010787
